job_no,name,client
240617,MDM Kinchant Street Housing,MDM Construction
241115,IDL Consulting,IDL Projects
250101,Co-op Property Maintenance & Development,RAM Excavating
250601-01,General Business Operations,RAM (overhead)
250601-02,Equipment Costs,RAM (equipment)
260102,Dunkley Lumber 2026,Dunkley Lumber
260710,FFP Survey,Foothills Forest Products
260805,Knappett Vaughn Street,Knappett Industries
260814,CR Waterhouse AT-01 Rental,CR Waterhouse
260825,Ambrus Gravel Haul,Ambrus
260826,4Refuel Walmart Refuelling,4Refuel
